dataset;model;step;C;CV
交通运输.csv;ridge;(1/10);500.000000;0.937023
交通运输.csv;ridge;(2/10);1000.000000;0.937061
交通运输.csv;ridge;(3/10);1500.000000;0.937075
交通运输.csv;ridge;(4/10);2000.000000;0.937084
交通运输.csv;ridge;(5/10);2500.000000;0.937080
交通运输.csv;ridge;(6/10);3000.000000;0.937080
交通运输.csv;ridge;(7/10);3500.000000;0.937078
交通运输.csv;ridge;(8/10);4000.000000;0.937074
交通运输.csv;ridge;(9/10);4500.000000;0.937076
交通运输.csv;ridge;(10/10);5000.000000;0.937073
交通运输.csv;ridge;BEST;2000.000000: 0.937084
交通运输.csv;lasso;(1/10);500.000000;0.937049
交通运输.csv;lasso;(2/10);1000.000000;0.936766
交通运输.csv;lasso;(3/10);1500.000000;0.937012
交通运输.csv;lasso;(4/10);2000.000000;0.936564
交通运输.csv;lasso;(5/10);2500.000000;0.936775
交通运输.csv;lasso;(6/10);3000.000000;0.937064
交通运输.csv;lasso;(7/10);3500.000000;0.936833
交通运输.csv;lasso;(8/10);4000.000000;0.937157
交通运输.csv;lasso;(9/10);4500.000000;0.936218
交通运输.csv;lasso;(10/10);5000.000000;0.936106
交通运输.csv;lasso;BEST;4000.000000: 0.937157
交通运输.csv;randomforest;(1/20);10.000000;0.843235
交通运输.csv;randomforest;(2/20);20.000000;0.873554
交通运输.csv;randomforest;(3/20);30.000000;0.879640
交通运输.csv;randomforest;(4/20);40.000000;0.885438
交通运输.csv;randomforest;(5/20);50.000000;0.886632
交通运输.csv;randomforest;(6/20);60.000000;0.891521
交通运输.csv;randomforest;(7/20);70.000000;0.891577
交通运输.csv;randomforest;(8/20);80.000000;0.892660
交通运输.csv;randomforest;(9/20);90.000000;0.893422
交通运输.csv;randomforest;(10/20);100.000000;0.895905
交通运输.csv;randomforest;(11/20);110.000000;0.897441
交通运输.csv;randomforest;(12/20);120.000000;0.897836
交通运输.csv;randomforest;(13/20);130.000000;0.895327
交通运输.csv;randomforest;(14/20);140.000000;0.897143
交通运输.csv;randomforest;(15/20);150.000000;0.898430
交通运输.csv;randomforest;(16/20);160.000000;0.896440
交通运输.csv;randomforest;(17/20);170.000000;0.898027
交通运输.csv;randomforest;(18/20);180.000000;0.897482
交通运输.csv;randomforest;(19/20);190.000000;0.898404
交通运输.csv;randomforest;(20/20);200.000000;0.898507
交通运输.csv;randomforest;BEST;200.000000: 0.898507
交通运输.csv;gbt;(1/20);10.000000;0.820771
交通运输.csv;gbt;(2/20);20.000000;0.873847
交通运输.csv;gbt;(3/20);30.000000;0.898655
交通运输.csv;gbt;(4/20);40.000000;0.909646
交通运输.csv;gbt;(5/20);50.000000;0.915437
交通运输.csv;gbt;(6/20);60.000000;0.919385
交通运输.csv;gbt;(7/20);70.000000;0.922791
交通运输.csv;gbt;(8/20);80.000000;0.924978
交通运输.csv;gbt;(9/20);90.000000;0.926357
交通运输.csv;gbt;(10/20);100.000000;0.927822
交通运输.csv;gbt;(11/20);110.000000;0.928596
交通运输.csv;gbt;(12/20);120.000000;0.929714
交通运输.csv;gbt;(13/20);130.000000;0.930273
交通运输.csv;gbt;(14/20);140.000000;0.931288
交通运输.csv;gbt;(15/20);150.000000;0.931667
交通运输.csv;gbt;(16/20);160.000000;0.932137
交通运输.csv;gbt;(17/20);170.000000;0.932658
交通运输.csv;gbt;(18/20);180.000000;0.933070
交通运输.csv;gbt;(19/20);190.000000;0.933407
交通运输.csv;gbt;(20/20);200.000000;0.933729
交通运输.csv;gbt;BEST;200.000000: 0.933729
传媒娱乐.csv;ridge;(1/10);500.000000;0.941601
传媒娱乐.csv;ridge;(2/10);1000.000000;0.941584
传媒娱乐.csv;ridge;(3/10);1500.000000;0.941567
传媒娱乐.csv;ridge;(4/10);2000.000000;0.941552
传媒娱乐.csv;ridge;(5/10);2500.000000;0.941551
传媒娱乐.csv;ridge;(6/10);3000.000000;0.941554
传媒娱乐.csv;ridge;(7/10);3500.000000;0.941546
传媒娱乐.csv;ridge;(8/10);4000.000000;0.941545
传媒娱乐.csv;ridge;(9/10);4500.000000;0.941546
传媒娱乐.csv;ridge;(10/10);5000.000000;0.941546
传媒娱乐.csv;ridge;BEST;500.000000: 0.941601
传媒娱乐.csv;lasso;(1/10);500.000000;0.941725
传媒娱乐.csv;lasso;(2/10);1000.000000;0.941910
传媒娱乐.csv;lasso;(3/10);1500.000000;0.941893
传媒娱乐.csv;lasso;(4/10);2000.000000;0.941820
传媒娱乐.csv;lasso;(5/10);2500.000000;0.941819
传媒娱乐.csv;lasso;(6/10);3000.000000;0.941964
传媒娱乐.csv;lasso;(7/10);3500.000000;0.941956
传媒娱乐.csv;lasso;(8/10);4000.000000;0.941030
传媒娱乐.csv;lasso;(9/10);4500.000000;0.941617
传媒娱乐.csv;lasso;(10/10);5000.000000;0.941802
传媒娱乐.csv;lasso;BEST;3000.000000: 0.941964
传媒娱乐.csv;randomforest;(1/20);10.000000;0.841445
传媒娱乐.csv;randomforest;(2/20);20.000000;0.871447
传媒娱乐.csv;randomforest;(3/20);30.000000;0.885365
传媒娱乐.csv;randomforest;(4/20);40.000000;0.890066
传媒娱乐.csv;randomforest;(5/20);50.000000;0.894610
传媒娱乐.csv;randomforest;(6/20);60.000000;0.894130
传媒娱乐.csv;randomforest;(7/20);70.000000;0.899238
传媒娱乐.csv;randomforest;(8/20);80.000000;0.901430
传媒娱乐.csv;randomforest;(9/20);90.000000;0.898577
传媒娱乐.csv;randomforest;(10/20);100.000000;0.901278
传媒娱乐.csv;randomforest;(11/20);110.000000;0.901533
传媒娱乐.csv;randomforest;(12/20);120.000000;0.902190
传媒娱乐.csv;randomforest;(13/20);130.000000;0.904823
传媒娱乐.csv;randomforest;(14/20);140.000000;0.904760
传媒娱乐.csv;randomforest;(15/20);150.000000;0.905160
传媒娱乐.csv;randomforest;(16/20);160.000000;0.905706
传媒娱乐.csv;randomforest;(17/20);170.000000;0.905200
传媒娱乐.csv;randomforest;(18/20);180.000000;0.905896
传媒娱乐.csv;randomforest;(19/20);190.000000;0.905589
传媒娱乐.csv;randomforest;(20/20);200.000000;0.906478
传媒娱乐.csv;randomforest;BEST;200.000000: 0.906478
传媒娱乐.csv;gbt;(1/20);10.000000;0.845147
传媒娱乐.csv;gbt;(2/20);20.000000;0.888279
传媒娱乐.csv;gbt;(3/20);30.000000;0.907005
传媒娱乐.csv;gbt;(4/20);40.000000;0.916460
传媒娱乐.csv;gbt;(5/20);50.000000;0.921807
传媒娱乐.csv;gbt;(6/20);60.000000;0.926772
传媒娱乐.csv;gbt;(7/20);70.000000;0.928638
传媒娱乐.csv;gbt;(8/20);80.000000;0.930732
传媒娱乐.csv;gbt;(9/20);90.000000;0.932380
传媒娱乐.csv;gbt;(10/20);100.000000;0.933710
传媒娱乐.csv;gbt;(11/20);110.000000;0.934379
传媒娱乐.csv;gbt;(12/20);120.000000;0.935273
传媒娱乐.csv;gbt;(13/20);130.000000;0.936179
传媒娱乐.csv;gbt;(14/20);140.000000;0.936692
传媒娱乐.csv;gbt;(15/20);150.000000;0.937231
传媒娱乐.csv;gbt;(16/20);160.000000;0.937272
传媒娱乐.csv;gbt;(17/20);170.000000;0.938106
传媒娱乐.csv;gbt;(18/20);180.000000;0.938175
传媒娱乐.csv;gbt;(19/20);190.000000;0.938079
传媒娱乐.csv;gbt;(20/20);200.000000;0.939190
传媒娱乐.csv;gbt;BEST;200.000000: 0.939190
建筑建材.csv;ridge;(1/10);500.000000;0.950367
建筑建材.csv;ridge;(2/10);1000.000000;0.950351
建筑建材.csv;ridge;(3/10);1500.000000;0.950355
建筑建材.csv;ridge;(4/10);2000.000000;0.950344
建筑建材.csv;ridge;(5/10);2500.000000;0.950328
建筑建材.csv;ridge;(6/10);3000.000000;0.950324
建筑建材.csv;ridge;(7/10);3500.000000;0.950333
建筑建材.csv;ridge;(8/10);4000.000000;0.950329
建筑建材.csv;ridge;(9/10);4500.000000;0.950334
建筑建材.csv;ridge;(10/10);5000.000000;0.950334
建筑建材.csv;ridge;BEST;500.000000: 0.950367
建筑建材.csv;lasso;(1/10);500.000000;0.950043
建筑建材.csv;lasso;(2/10);1000.000000;0.950426
建筑建材.csv;lasso;(3/10);1500.000000;0.950509
建筑建材.csv;lasso;(4/10);2000.000000;0.950262
建筑建材.csv;lasso;(5/10);2500.000000;0.949868
建筑建材.csv;lasso;(6/10);3000.000000;0.949693
建筑建材.csv;lasso;(7/10);3500.000000;0.950328
建筑建材.csv;lasso;(8/10);4000.000000;0.950125
建筑建材.csv;lasso;(9/10);4500.000000;0.950075
建筑建材.csv;lasso;(10/10);5000.000000;0.950421
建筑建材.csv;lasso;BEST;1500.000000: 0.950509
建筑建材.csv;randomforest;(1/20);10.000000;0.832054
建筑建材.csv;randomforest;(2/20);20.000000;0.863495
建筑建材.csv;randomforest;(3/20);30.000000;0.878112
建筑建材.csv;randomforest;(4/20);40.000000;0.883132
建筑建材.csv;randomforest;(5/20);50.000000;0.886007
建筑建材.csv;randomforest;(6/20);60.000000;0.887784
建筑建材.csv;randomforest;(7/20);70.000000;0.890267
建筑建材.csv;randomforest;(8/20);80.000000;0.890020
建筑建材.csv;randomforest;(9/20);90.000000;0.891145
建筑建材.csv;randomforest;(10/20);100.000000;0.891812
建筑建材.csv;randomforest;(11/20);110.000000;0.895339
建筑建材.csv;randomforest;(12/20);120.000000;0.895250
建筑建材.csv;randomforest;(13/20);130.000000;0.894860
建筑建材.csv;randomforest;(14/20);140.000000;0.894121
建筑建材.csv;randomforest;(15/20);150.000000;0.894782
建筑建材.csv;randomforest;(16/20);160.000000;0.895328
建筑建材.csv;randomforest;(17/20);170.000000;0.896142
建筑建材.csv;randomforest;(18/20);180.000000;0.895897
建筑建材.csv;randomforest;(19/20);190.000000;0.894740
建筑建材.csv;randomforest;(20/20);200.000000;0.895977
建筑建材.csv;randomforest;BEST;170.000000: 0.896142
建筑建材.csv;gbt;(1/20);10.000000;0.843996
建筑建材.csv;gbt;(2/20);20.000000;0.881871
建筑建材.csv;gbt;(3/20);30.000000;0.902034
建筑建材.csv;gbt;(4/20);40.000000;0.911343
建筑建材.csv;gbt;(5/20);50.000000;0.916380
建筑建材.csv;gbt;(6/20);60.000000;0.921093
建筑建材.csv;gbt;(7/20);70.000000;0.923926
建筑建材.csv;gbt;(8/20);80.000000;0.926490
建筑建材.csv;gbt;(9/20);90.000000;0.927846
建筑建材.csv;gbt;(10/20);100.000000;0.929003
建筑建材.csv;gbt;(11/20);110.000000;0.930374
建筑建材.csv;gbt;(12/20);120.000000;0.931155
建筑建材.csv;gbt;(13/20);130.000000;0.931950
建筑建材.csv;gbt;(14/20);140.000000;0.932648
建筑建材.csv;gbt;(15/20);150.000000;0.933012
建筑建材.csv;gbt;(16/20);160.000000;0.933500
建筑建材.csv;gbt;(17/20);170.000000;0.934174
建筑建材.csv;gbt;(18/20);180.000000;0.934136
建筑建材.csv;gbt;(19/20);190.000000;0.934428
建筑建材.csv;gbt;(20/20);200.000000;0.934660
建筑建材.csv;gbt;BEST;200.000000: 0.934660
房地产.csv;ridge;(1/10);500.000000;0.932497
房地产.csv;ridge;(2/10);1000.000000;0.932487
房地产.csv;ridge;(3/10);1500.000000;0.932484
房地产.csv;ridge;(4/10);2000.000000;0.932483
房地产.csv;ridge;(5/10);2500.000000;0.932489
房地产.csv;ridge;(6/10);3000.000000;0.932487
房地产.csv;ridge;(7/10);3500.000000;0.932487
房地产.csv;ridge;(8/10);4000.000000;0.932482
房地产.csv;ridge;(9/10);4500.000000;0.932485
房地产.csv;ridge;(10/10);5000.000000;0.932480
房地产.csv;ridge;BEST;500.000000: 0.932497
房地产.csv;lasso;(1/10);500.000000;0.932531
房地产.csv;lasso;(2/10);1000.000000;0.932600
房地产.csv;lasso;(3/10);1500.000000;0.931966
房地产.csv;lasso;(4/10);2000.000000;0.932571
房地产.csv;lasso;(5/10);2500.000000;0.932405
房地产.csv;lasso;(6/10);3000.000000;0.932510
房地产.csv;lasso;(7/10);3500.000000;0.932600
房地产.csv;lasso;(8/10);4000.000000;0.932083
房地产.csv;lasso;(9/10);4500.000000;0.931989
房地产.csv;lasso;(10/10);5000.000000;0.931769
房地产.csv;lasso;BEST;3500.000000: 0.932600
房地产.csv;randomforest;(1/20);10.000000;0.823720
房地产.csv;randomforest;(2/20);20.000000;0.854894
房地产.csv;randomforest;(3/20);30.000000;0.866250
房地产.csv;randomforest;(4/20);40.000000;0.869421
房地产.csv;randomforest;(5/20);50.000000;0.877849
房地产.csv;randomforest;(6/20);60.000000;0.882562
房地产.csv;randomforest;(7/20);70.000000;0.879584
房地产.csv;randomforest;(8/20);80.000000;0.884570
房地产.csv;randomforest;(9/20);90.000000;0.882931
房地产.csv;randomforest;(10/20);100.000000;0.883887
房地产.csv;randomforest;(11/20);110.000000;0.885056
房地产.csv;randomforest;(12/20);120.000000;0.884242
房地产.csv;randomforest;(13/20);130.000000;0.883180
房地产.csv;randomforest;(14/20);140.000000;0.884722
房地产.csv;randomforest;(15/20);150.000000;0.885757
房地产.csv;randomforest;(16/20);160.000000;0.885241
房地产.csv;randomforest;(17/20);170.000000;0.884676
房地产.csv;randomforest;(18/20);180.000000;0.887982
房地产.csv;randomforest;(19/20);190.000000;0.887239
房地产.csv;randomforest;(20/20);200.000000;0.887543
房地产.csv;randomforest;BEST;180.000000: 0.887982
房地产.csv;gbt;(1/20);10.000000;0.841245
房地产.csv;gbt;(2/20);20.000000;0.884351
房地产.csv;gbt;(3/20);30.000000;0.898790
房地产.csv;gbt;(4/20);40.000000;0.905699
房地产.csv;gbt;(5/20);50.000000;0.909469
房地产.csv;gbt;(6/20);60.000000;0.913287
房地产.csv;gbt;(7/20);70.000000;0.915108
房地产.csv;gbt;(8/20);80.000000;0.916277
房地产.csv;gbt;(9/20);90.000000;0.917467
房地产.csv;gbt;(10/20);100.000000;0.918122
房地产.csv;gbt;(11/20);110.000000;0.919969
房地产.csv;gbt;(12/20);120.000000;0.920192
房地产.csv;gbt;(13/20);130.000000;0.920266
房地产.csv;gbt;(14/20);140.000000;0.920725
房地产.csv;gbt;(15/20);150.000000;0.920697
房地产.csv;gbt;(16/20);160.000000;0.921433
房地产.csv;gbt;(17/20);170.000000;0.921369
房地产.csv;gbt;(18/20);180.000000;0.920871
房地产.csv;gbt;(19/20);190.000000;0.921626
房地产.csv;gbt;(20/20);200.000000;0.921199
房地产.csv;gbt;BEST;190.000000: 0.921626
汽车制造.csv;ridge;(1/10);500.000000;0.945161
汽车制造.csv;ridge;(2/10);1000.000000;0.945170
汽车制造.csv;ridge;(3/10);1500.000000;0.945168
汽车制造.csv;ridge;(4/10);2000.000000;0.945165
汽车制造.csv;ridge;(5/10);2500.000000;0.945149
汽车制造.csv;ridge;(6/10);3000.000000;0.945146
汽车制造.csv;ridge;(7/10);3500.000000;0.945147
汽车制造.csv;ridge;(8/10);4000.000000;0.945145
汽车制造.csv;ridge;(9/10);4500.000000;0.945146
汽车制造.csv;ridge;(10/10);5000.000000;0.945149
汽车制造.csv;ridge;BEST;1000.000000: 0.945170
汽车制造.csv;lasso;(1/10);500.000000;0.945058
汽车制造.csv;lasso;(2/10);1000.000000;0.945150
汽车制造.csv;lasso;(3/10);1500.000000;0.945101
汽车制造.csv;lasso;(4/10);2000.000000;0.944550
汽车制造.csv;lasso;(5/10);2500.000000;0.945107
汽车制造.csv;lasso;(6/10);3000.000000;0.944626
汽车制造.csv;lasso;(7/10);3500.000000;0.945078
汽车制造.csv;lasso;(8/10);4000.000000;0.945116
汽车制造.csv;lasso;(9/10);4500.000000;0.945137
汽车制造.csv;lasso;(10/10);5000.000000;0.945126
汽车制造.csv;lasso;BEST;1000.000000: 0.945150
汽车制造.csv;randomforest;(1/20);10.000000;0.829233
汽车制造.csv;randomforest;(2/20);20.000000;0.862126
汽车制造.csv;randomforest;(3/20);30.000000;0.867788
汽车制造.csv;randomforest;(4/20);40.000000;0.874410
汽车制造.csv;randomforest;(5/20);50.000000;0.882783
汽车制造.csv;randomforest;(6/20);60.000000;0.884038
汽车制造.csv;randomforest;(7/20);70.000000;0.887994
汽车制造.csv;randomforest;(8/20);80.000000;0.889080
汽车制造.csv;randomforest;(9/20);90.000000;0.887867
汽车制造.csv;randomforest;(10/20);100.000000;0.886623
汽车制造.csv;randomforest;(11/20);110.000000;0.886454
汽车制造.csv;randomforest;(12/20);120.000000;0.887064
汽车制造.csv;randomforest;(13/20);130.000000;0.890119
汽车制造.csv;randomforest;(14/20);140.000000;0.889032
汽车制造.csv;randomforest;(15/20);150.000000;0.890694
汽车制造.csv;randomforest;(16/20);160.000000;0.892292
汽车制造.csv;randomforest;(17/20);170.000000;0.890751
汽车制造.csv;randomforest;(18/20);180.000000;0.891684
汽车制造.csv;randomforest;(19/20);190.000000;0.892289
汽车制造.csv;randomforest;(20/20);200.000000;0.891674
汽车制造.csv;randomforest;BEST;160.000000: 0.892292
汽车制造.csv;gbt;(1/20);10.000000;0.853118
汽车制造.csv;gbt;(2/20);20.000000;0.888642
汽车制造.csv;gbt;(3/20);30.000000;0.906564
汽车制造.csv;gbt;(4/20);40.000000;0.915735
汽车制造.csv;gbt;(5/20);50.000000;0.921315
汽车制造.csv;gbt;(6/20);60.000000;0.924712
汽车制造.csv;gbt;(7/20);70.000000;0.927260
汽车制造.csv;gbt;(8/20);80.000000;0.928759
汽车制造.csv;gbt;(9/20);90.000000;0.930417
汽车制造.csv;gbt;(10/20);100.000000;0.930958
汽车制造.csv;gbt;(11/20);110.000000;0.932065
汽车制造.csv;gbt;(12/20);120.000000;0.932704
汽车制造.csv;gbt;(13/20);130.000000;0.933380
汽车制造.csv;gbt;(14/20);140.000000;0.934414
汽车制造.csv;gbt;(15/20);150.000000;0.934517
汽车制造.csv;gbt;(16/20);160.000000;0.934506
汽车制造.csv;gbt;(17/20);170.000000;0.934365
汽车制造.csv;gbt;(18/20);180.000000;0.935310
汽车制造.csv;gbt;(19/20);190.000000;0.935317
汽车制造.csv;gbt;(20/20);200.000000;0.935471
汽车制造.csv;gbt;BEST;200.000000: 0.935471
生物制药.csv;ridge;(1/10);500.000000;0.951244
生物制药.csv;ridge;(2/10);1000.000000;0.951246
生物制药.csv;ridge;(3/10);1500.000000;0.951248
生物制药.csv;ridge;(4/10);2000.000000;0.951251
生物制药.csv;ridge;(5/10);2500.000000;0.951253
生物制药.csv;ridge;(6/10);3000.000000;0.951254
生物制药.csv;ridge;(7/10);3500.000000;0.951252
生物制药.csv;ridge;(8/10);4000.000000;0.951248
生物制药.csv;ridge;(9/10);4500.000000;0.951252
生物制药.csv;ridge;(10/10);5000.000000;0.951262
生物制药.csv;ridge;BEST;5000.000000: 0.951262
生物制药.csv;lasso;(1/10);500.000000;0.948700
生物制药.csv;lasso;(2/10);1000.000000;0.950921
生物制药.csv;lasso;(3/10);1500.000000;0.951041
生物制药.csv;lasso;(4/10);2000.000000;0.950958
生物制药.csv;lasso;(5/10);2500.000000;0.950692
生物制药.csv;lasso;(6/10);3000.000000;0.951247
生物制药.csv;lasso;(7/10);3500.000000;0.950451
生物制药.csv;lasso;(8/10);4000.000000;0.950792
生物制药.csv;lasso;(9/10);4500.000000;0.950768
生物制药.csv;lasso;(10/10);5000.000000;0.951215
生物制药.csv;lasso;BEST;3000.000000: 0.951247
生物制药.csv;randomforest;(1/20);10.000000;0.867335
生物制药.csv;randomforest;(2/20);20.000000;0.892946
生物制药.csv;randomforest;(3/20);30.000000;0.904677
生物制药.csv;randomforest;(4/20);40.000000;0.903692
生物制药.csv;randomforest;(5/20);50.000000;0.904985
生物制药.csv;randomforest;(6/20);60.000000;0.911498
生物制药.csv;randomforest;(7/20);70.000000;0.910286
生物制药.csv;randomforest;(8/20);80.000000;0.912609
生物制药.csv;randomforest;(9/20);90.000000;0.910825
生物制药.csv;randomforest;(10/20);100.000000;0.911338
生物制药.csv;randomforest;(11/20);110.000000;0.912778
生物制药.csv;randomforest;(12/20);120.000000;0.913534
生物制药.csv;randomforest;(13/20);130.000000;0.914436
生物制药.csv;randomforest;(14/20);140.000000;0.914974
生物制药.csv;randomforest;(15/20);150.000000;0.915222
生物制药.csv;randomforest;(16/20);160.000000;0.915311
生物制药.csv;randomforest;(17/20);170.000000;0.916246
生物制药.csv;randomforest;(18/20);180.000000;0.916165
生物制药.csv;randomforest;(19/20);190.000000;0.917255
生物制药.csv;randomforest;(20/20);200.000000;0.917381
生物制药.csv;randomforest;BEST;200.000000: 0.917381
生物制药.csv;gbt;(1/20);10.000000;0.857992
生物制药.csv;gbt;(2/20);20.000000;0.897197
生物制药.csv;gbt;(3/20);30.000000;0.913460
生物制药.csv;gbt;(4/20);40.000000;0.922011
生物制药.csv;gbt;(5/20);50.000000;0.926759
生物制药.csv;gbt;(6/20);60.000000;0.931786
生物制药.csv;gbt;(7/20);70.000000;0.934866
生物制药.csv;gbt;(8/20);80.000000;0.937334
生物制药.csv;gbt;(9/20);90.000000;0.938030
生物制药.csv;gbt;(10/20);100.000000;0.939570
生物制药.csv;gbt;(11/20);110.000000;0.940296
生物制药.csv;gbt;(12/20);120.000000;0.941260
生物制药.csv;gbt;(13/20);130.000000;0.941478
生物制药.csv;gbt;(14/20);140.000000;0.942369
生物制药.csv;gbt;(15/20);150.000000;0.943017
生物制药.csv;gbt;(16/20);160.000000;0.943039
生物制药.csv;gbt;(17/20);170.000000;0.943334
生物制药.csv;gbt;(18/20);180.000000;0.943697
生物制药.csv;gbt;(19/20);190.000000;0.944203
生物制药.csv;gbt;(20/20);200.000000;0.944179
生物制药.csv;gbt;BEST;190.000000: 0.944203
电力行业.csv;ridge;(1/10);500.000000;0.948531
电力行业.csv;ridge;(2/10);1000.000000;0.948536
电力行业.csv;ridge;(3/10);1500.000000;0.948533
电力行业.csv;ridge;(4/10);2000.000000;0.948539
电力行业.csv;ridge;(5/10);2500.000000;0.948535
电力行业.csv;ridge;(6/10);3000.000000;0.948535
电力行业.csv;ridge;(7/10);3500.000000;0.948532
电力行业.csv;ridge;(8/10);4000.000000;0.948530
电力行业.csv;ridge;(9/10);4500.000000;0.948530
电力行业.csv;ridge;(10/10);5000.000000;0.948531
电力行业.csv;ridge;BEST;2000.000000: 0.948539
电力行业.csv;lasso;(1/10);500.000000;0.948101
电力行业.csv;lasso;(2/10);1000.000000;0.948043
电力行业.csv;lasso;(3/10);1500.000000;0.947407
电力行业.csv;lasso;(4/10);2000.000000;0.947581
电力行业.csv;lasso;(5/10);2500.000000;0.948554
电力行业.csv;lasso;(6/10);3000.000000;0.948259
电力行业.csv;lasso;(7/10);3500.000000;0.948050
电力行业.csv;lasso;(8/10);4000.000000;0.948468
电力行业.csv;lasso;(9/10);4500.000000;0.948261
电力行业.csv;lasso;(10/10);5000.000000;0.948117
电力行业.csv;lasso;BEST;2500.000000: 0.948554
电力行业.csv;randomforest;(1/20);10.000000;0.858031
电力行业.csv;randomforest;(2/20);20.000000;0.886558
电力行业.csv;randomforest;(3/20);30.000000;0.898522
电力行业.csv;randomforest;(4/20);40.000000;0.904408
电力行业.csv;randomforest;(5/20);50.000000;0.909598
电力行业.csv;randomforest;(6/20);60.000000;0.906791
电力行业.csv;randomforest;(7/20);70.000000;0.909927
电力行业.csv;randomforest;(8/20);80.000000;0.912871
电力行业.csv;randomforest;(9/20);90.000000;0.914013
电力行业.csv;randomforest;(10/20);100.000000;0.914297
电力行业.csv;randomforest;(11/20);110.000000;0.914456
电力行业.csv;randomforest;(12/20);120.000000;0.913215
电力行业.csv;randomforest;(13/20);130.000000;0.913366
电力行业.csv;randomforest;(14/20);140.000000;0.914923
电力行业.csv;randomforest;(15/20);150.000000;0.917134
电力行业.csv;randomforest;(16/20);160.000000;0.914504
电力行业.csv;randomforest;(17/20);170.000000;0.915917
电力行业.csv;randomforest;(18/20);180.000000;0.914219
电力行业.csv;randomforest;(19/20);190.000000;0.915567
电力行业.csv;randomforest;(20/20);200.000000;0.917027
电力行业.csv;randomforest;BEST;150.000000: 0.917134
电力行业.csv;gbt;(1/20);10.000000;0.837577
电力行业.csv;gbt;(2/20);20.000000;0.888982
电力行业.csv;gbt;(3/20);30.000000;0.910041
电力行业.csv;gbt;(4/20);40.000000;0.919020
电力行业.csv;gbt;(5/20);50.000000;0.926500
电力行业.csv;gbt;(6/20);60.000000;0.930730
电力行业.csv;gbt;(7/20);70.000000;0.934323
电力行业.csv;gbt;(8/20);80.000000;0.936333
电力行业.csv;gbt;(9/20);90.000000;0.937988
电力行业.csv;gbt;(10/20);100.000000;0.939065
电力行业.csv;gbt;(11/20);110.000000;0.939631
电力行业.csv;gbt;(12/20);120.000000;0.940754
电力行业.csv;gbt;(13/20);130.000000;0.941269
电力行业.csv;gbt;(14/20);140.000000;0.941953
电力行业.csv;gbt;(15/20);150.000000;0.942500
电力行业.csv;gbt;(16/20);160.000000;0.942817
电力行业.csv;gbt;(17/20);170.000000;0.943371
电力行业.csv;gbt;(18/20);180.000000;0.943621
电力行业.csv;gbt;(19/20);190.000000;0.943580
电力行业.csv;gbt;(20/20);200.000000;0.943718
电力行业.csv;gbt;BEST;200.000000: 0.943718
电子信息.csv;ridge;(1/10);500.000000;0.947354
电子信息.csv;ridge;(2/10);1000.000000;0.947354
电子信息.csv;ridge;(3/10);1500.000000;0.947358
电子信息.csv;ridge;(4/10);2000.000000;0.947356
电子信息.csv;ridge;(5/10);2500.000000;0.947355
电子信息.csv;ridge;(6/10);3000.000000;0.947353
电子信息.csv;ridge;(7/10);3500.000000;0.947352
电子信息.csv;ridge;(8/10);4000.000000;0.947354
电子信息.csv;ridge;(9/10);4500.000000;0.947353
电子信息.csv;ridge;(10/10);5000.000000;0.947352
电子信息.csv;ridge;BEST;1500.000000: 0.947358
电子信息.csv;lasso;(1/10);500.000000;0.947282
电子信息.csv;lasso;(2/10);1000.000000;0.947298
电子信息.csv;lasso;(3/10);1500.000000;0.947361
电子信息.csv;lasso;(4/10);2000.000000;0.947487
电子信息.csv;lasso;(5/10);2500.000000;0.947456
电子信息.csv;lasso;(6/10);3000.000000;0.947276
电子信息.csv;lasso;(7/10);3500.000000;0.947484
电子信息.csv;lasso;(8/10);4000.000000;0.946812
电子信息.csv;lasso;(9/10);4500.000000;0.947384
电子信息.csv;lasso;(10/10);5000.000000;0.947255
电子信息.csv;lasso;BEST;2000.000000: 0.947487
电子信息.csv;randomforest;(1/20);10.000000;0.878316
电子信息.csv;randomforest;(2/20);20.000000;0.896017
电子信息.csv;randomforest;(3/20);30.000000;0.904431
电子信息.csv;randomforest;(4/20);40.000000;0.909470
电子信息.csv;randomforest;(5/20);50.000000;0.914073
电子信息.csv;randomforest;(6/20);60.000000;0.918773
电子信息.csv;randomforest;(7/20);70.000000;0.917603
电子信息.csv;randomforest;(8/20);80.000000;0.917258
电子信息.csv;randomforest;(9/20);90.000000;0.920180
电子信息.csv;randomforest;(10/20);100.000000;0.918045
电子信息.csv;randomforest;(11/20);110.000000;0.919827
电子信息.csv;randomforest;(12/20);120.000000;0.920911
电子信息.csv;randomforest;(13/20);130.000000;0.920743
电子信息.csv;randomforest;(14/20);140.000000;0.921450
电子信息.csv;randomforest;(15/20);150.000000;0.921758
电子信息.csv;randomforest;(16/20);160.000000;0.922245
电子信息.csv;randomforest;(17/20);170.000000;0.921746
电子信息.csv;randomforest;(18/20);180.000000;0.922514
电子信息.csv;randomforest;(19/20);190.000000;0.922123
电子信息.csv;randomforest;(20/20);200.000000;0.921961
电子信息.csv;randomforest;BEST;180.000000: 0.922514
电子信息.csv;gbt;(1/20);10.000000;0.843273
电子信息.csv;gbt;(2/20);20.000000;0.897893
电子信息.csv;gbt;(3/20);30.000000;0.915897
电子信息.csv;gbt;(4/20);40.000000;0.925140
电子信息.csv;gbt;(5/20);50.000000;0.931231
电子信息.csv;gbt;(6/20);60.000000;0.935011
电子信息.csv;gbt;(7/20);70.000000;0.937721
电子信息.csv;gbt;(8/20);80.000000;0.939596
电子信息.csv;gbt;(9/20);90.000000;0.940766
电子信息.csv;gbt;(10/20);100.000000;0.941450
电子信息.csv;gbt;(11/20);110.000000;0.942082
电子信息.csv;gbt;(12/20);120.000000;0.942548
电子信息.csv;gbt;(13/20);130.000000;0.943087
电子信息.csv;gbt;(14/20);140.000000;0.943375
电子信息.csv;gbt;(15/20);150.000000;0.943721
电子信息.csv;gbt;(16/20);160.000000;0.944070
电子信息.csv;gbt;(17/20);170.000000;0.944481
电子信息.csv;gbt;(18/20);180.000000;0.944897
电子信息.csv;gbt;(19/20);190.000000;0.945138
电子信息.csv;gbt;(20/20);200.000000;0.945342
电子信息.csv;gbt;BEST;200.000000: 0.945342
金融行业.csv;ridge;(1/10);500.000000;0.936544
金融行业.csv;ridge;(2/10);1000.000000;0.936553
金融行业.csv;ridge;(3/10);1500.000000;0.936558
金融行业.csv;ridge;(4/10);2000.000000;0.936561
金融行业.csv;ridge;(5/10);2500.000000;0.936561
金融行业.csv;ridge;(6/10);3000.000000;0.936562
金融行业.csv;ridge;(7/10);3500.000000;0.936562
金融行业.csv;ridge;(8/10);4000.000000;0.936563
金融行业.csv;ridge;(9/10);4500.000000;0.936563
金融行业.csv;ridge;(10/10);5000.000000;0.936564
金融行业.csv;ridge;BEST;5000.000000: 0.936564
金融行业.csv;lasso;(1/10);500.000000;0.936119
金融行业.csv;lasso;(2/10);1000.000000;0.936003
金融行业.csv;lasso;(3/10);1500.000000;0.936044
金融行业.csv;lasso;(4/10);2000.000000;0.936235
金融行业.csv;lasso;(5/10);2500.000000;0.936200
金融行业.csv;lasso;(6/10);3000.000000;0.935078
金融行业.csv;lasso;(7/10);3500.000000;0.935958
金融行业.csv;lasso;(8/10);4000.000000;0.935615
金融行业.csv;lasso;(9/10);4500.000000;0.936151
金融行业.csv;lasso;(10/10);5000.000000;0.936132
金融行业.csv;lasso;BEST;2000.000000: 0.936235
金融行业.csv;randomforest;(1/20);10.000000;0.887645
金融行业.csv;randomforest;(2/20);20.000000;0.912109
金融行业.csv;randomforest;(3/20);30.000000;0.917875
金融行业.csv;randomforest;(4/20);40.000000;0.920716
金融行业.csv;randomforest;(5/20);50.000000;0.923303
金融行业.csv;randomforest;(6/20);60.000000;0.924385
金融行业.csv;randomforest;(7/20);70.000000;0.926114
金融行业.csv;randomforest;(8/20);80.000000;0.926940
金融行业.csv;randomforest;(9/20);90.000000;0.928148
金融行业.csv;randomforest;(10/20);100.000000;0.928766
金融行业.csv;randomforest;(11/20);110.000000;0.928288
金融行业.csv;randomforest;(12/20);120.000000;0.929025
金融行业.csv;randomforest;(13/20);130.000000;0.929233
金融行业.csv;randomforest;(14/20);140.000000;0.928287
金融行业.csv;randomforest;(15/20);150.000000;0.929700
金融行业.csv;randomforest;(16/20);160.000000;0.929564
金融行业.csv;randomforest;(17/20);170.000000;0.929878
金融行业.csv;randomforest;(18/20);180.000000;0.929741
金融行业.csv;randomforest;(19/20);190.000000;0.930355
金融行业.csv;randomforest;(20/20);200.000000;0.930417
金融行业.csv;randomforest;BEST;200.000000: 0.930417
金融行业.csv;gbt;(1/20);10.000000;0.825903
金融行业.csv;gbt;(2/20);20.000000;0.882379
金融行业.csv;gbt;(3/20);30.000000;0.902983
金融行业.csv;gbt;(4/20);40.000000;0.911685
金融行业.csv;gbt;(5/20);50.000000;0.917625
金融行业.csv;gbt;(6/20);60.000000;0.921383
金融行业.csv;gbt;(7/20);70.000000;0.924238
金融行业.csv;gbt;(8/20);80.000000;0.925836
金融行业.csv;gbt;(9/20);90.000000;0.927413
金融行业.csv;gbt;(10/20);100.000000;0.928564
金融行业.csv;gbt;(11/20);110.000000;0.929533
金融行业.csv;gbt;(12/20);120.000000;0.930627
金融行业.csv;gbt;(13/20);130.000000;0.931307
金融行业.csv;gbt;(14/20);140.000000;0.931897
金融行业.csv;gbt;(15/20);150.000000;0.932630
金融行业.csv;gbt;(16/20);160.000000;0.933171
金融行业.csv;gbt;(17/20);170.000000;0.933604
金融行业.csv;gbt;(18/20);180.000000;0.934152
金融行业.csv;gbt;(19/20);190.000000;0.934418
金融行业.csv;gbt;(20/20);200.000000;0.934772
金融行业.csv;gbt;BEST;200.000000: 0.934772
